{"cameraMode":{"drawMode":3,"name":"Shadow Cascades","section":"Miscellaneous"},"sceneLighting":true,"audioPlay":false,"sceneViewState":{"showFog":true,"showMaterialUpdate":false,"showSkybox":true,"showFlares":true,"showImageEffects":true,"showParticleSystems":true},"in2DMode":false,"pivot":{"x":-547.309814453125,"y":-1.0342977046966553,"z":16.972984313964845},"rotation":{"x":-0.021399686112999917,"y":-0.9686267375946045,"z":0.2318209409713745,"w":-0.09000346064567566},"size":197.6978302001953,"orthographic":false}