{"cameraMode":{"drawMode":0,"name":"Shaded","section":"Shading Mode"},"sceneLighting":true,"audioPlay":false,"sceneViewState":{"showFog":true,"showMaterialUpdate":false,"showSkybox":true,"showFlares":true,"showImageEffects":true,"showParticleSystems":true},"in2DMode":false,"pivot":{"x":-216.81134033203126,"y":24.355104446411134,"z":-4.859694480895996},"rotation":{"x":-0.014503221958875656,"y":-0.9721204042434692,"z":0.22556526958942414,"w":-0.06249899044632912},"size":49.99706268310547,"orthographic":false}