{"cameraMode":{"drawMode":0,"name":"Shaded","section":"Shading Mode"},"sceneLighting":false,"audioPlay":false,"sceneViewState":{"showFog":true,"showMaterialUpdate":false,"showSkybox":false,"showFlares":true,"showImageEffects":true,"showParticleSystems":true},"in2DMode":false,"pivot":{"x":33.214500427246097,"y":54.65447998046875,"z":21.569683074951173},"rotation":{"x":0.34856003522872927,"y":-0.06740329414606095,"z":0.025140484794974328,"w":0.9345249533653259},"size":48.61525344848633,"orthographic":false}