{"cameraMode":{"drawMode":0,"name":"Shaded","section":"Shading Mode"},"sceneLighting":true,"audioPlay":false,"sceneViewState":{"showFog":true,"showMaterialUpdate":false,"showSkybox":true,"showFlares":true,"showImageEffects":true,"showParticleSystems":true},"in2DMode":false,"pivot":{"x":-212.21499633789063,"y":11.621780395507813,"z":-15.573188781738282},"rotation":{"x":-0.000285293732304126,"y":-0.9709861278533936,"z":0.2391599714756012,"w":-0.0011724347714334727},"size":81.65390014648438,"orthographic":false}