{"cameraMode":{"drawMode":3,"name":"Shadow Cascades","section":"Miscellaneous"},"sceneLighting":true,"audioPlay":false,"sceneViewState":{"showFog":true,"showMaterialUpdate":false,"showSkybox":true,"showFlares":true,"showImageEffects":true,"showParticleSystems":true},"in2DMode":false,"pivot":{"x":-274.1871643066406,"y":27.421236038208009,"z":-104.91700744628906},"rotation":{"x":0.0016812080284580589,"y":0.9970195293426514,"z":-0.07372352480888367,"w":0.022736985236406328},"size":41.73973846435547,"orthographic":false}