{"cameraMode":{"drawMode":0,"name":"Shaded","section":"Shading Mode"},"sceneLighting":true,"audioPlay":false,"sceneViewState":{"showFog":false,"showMaterialUpdate":false,"showSkybox":false,"showFlares":false,"showImageEffects":false,"showParticleSystems":false},"in2DMode":false,"pivot":{"x":-233.576904296875,"y":21.149606704711915,"z":-40.82939147949219},"rotation":{"x":-0.14163967967033387,"y":0.29462310671806338,"z":-0.04390040412545204,"w":-0.944226086139679},"size":18.972549438476564,"orthographic":false}