{"cameraMode":{"drawMode":3,"name":"Shadow Cascades","section":"Miscellaneous"},"sceneLighting":true,"audioPlay":false,"sceneViewState":{"showFog":false,"showMaterialUpdate":false,"showSkybox":false,"showFlares":false,"showImageEffects":false,"showParticleSystems":false},"in2DMode":false,"pivot":{"x":-1.0641555786132813,"y":0.7400000095367432,"z":0.3251943588256836},"rotation":{"x":0.08519869297742844,"y":-0.7886626124382019,"z":0.11291590332984925,"w":0.5986796021461487},"size":0.18776088953018189,"orthographic":false}