{"cameraMode":{"drawMode":3,"name":"Shadow Cascades","section":"Miscellaneous"},"sceneLighting":true,"audioPlay":false,"sceneViewState":{"showFog":true,"showMaterialUpdate":false,"showSkybox":true,"showFlares":true,"showImageEffects":true,"showParticleSystems":true},"in2DMode":false,"pivot":{"x":2.6771388053894045,"y":-1.9019005298614503,"z":-4.143643379211426},"rotation":{"x":0.10660918056964874,"y":0.8897489309310913,"z":-0.2682371437549591,"w":0.35362565517425539},"size":2.2073793411254885,"orthographic":false}