{"cameraMode":{"drawMode":0,"name":"Shaded","section":"Shading Mode"},"sceneLighting":true,"audioPlay":false,"sceneViewState":{"showFog":true,"showMaterialUpdate":false,"showSkybox":false,"showFlares":true,"showImageEffects":true,"showParticleSystems":true},"in2DMode":false,"pivot":{"x":-1.1321182250976563,"y":14.700126647949219,"z":-2.848491668701172},"rotation":{"x":-0.04174356907606125,"y":-0.1080007255077362,"z":0.004529230762273073,"w":-0.9932718276977539},"size":64.20529174804688,"orthographic":true}